{
    "crime": "Send Location via SMS",
    "permission": [
        "android.permission.SEND_SMS",
        "android.permission.ACCESS_COARSE_LOCATION",
        "android.permission.ACCESS_FINE_LOCATION"
    ],
    "api": [
        {
            "class": "Landroid/telephony/TelephonyManager",
            "method": "getCellLocation",
            "descriptor": "()Landroid/telephony/CellLocation;"
        },
        {
            "class": "Landroid/telephony/SmsManager",
            "method": "sendTextMessage",
            "descriptor": "(Ljava/lang/String; Ljava/lang/String; Ljava/lang/String; Landroid/app/PendingIntent; Landroid/app/PendingIntent;)V"
        }
    ],
    "score": 4,
    "label": [
        "location",
        "collection"
    ]
}
